id,prod_type,n_items,slot
ievwveyxrfjsjpdvbpiprrkk,13,18,9
cxlqxtuxtxljaxfezkmngkwz,8,14,20
ifhmgpxxuxtueeajfbjkxlln,52,10,13
ybgkqdgcwtxlcazctahdrgmz,12,29,18
qhsuavmwphhgunhuvmasacjq,9,11,12
mulewvpnrrdlhvypwycmvdsb,15,27,28
zhqdlfgxjplauamcqshkgdwk,27,13,3
svbufscspedntynmmsfoknes,36,16,29
emvjpwljxzaxmpdybcfdukys,21,25,6
icspzysiasubdebbsmotdjed,38,13,14
emvjpwljxzaxmpdybcfdukys,21,18,3
cugvbfatckzgcejqggicyirn,54,28,25
ppplmozbemlngttzobxkpnxf,25,18,25
oyndnlzksxwfakllhhzjofum,35,17,14
yfggronmbeaicvnqesiclcab,46,26,29
faavtgufqyuqeejksrqwwhak,6,11,20
maxaojqkznizhmdumfnpjozw,24,28,20
szoklzgycndrwaqfcpzihrru,4,11,11
hajuaqxmpcbjndyyubrbucci,44,16,28
mhmyefdvyexhitpksgsrqgmj,16,26,29
xbunshpqsdayvghpmikvhixg,14,21,22
xbunshpqsdayvghpmikvhixg,14,18,25
xbunshpqsdayvghpmikvhixg,14,17,19
kpvhrhtwwqleovjaaxzbhxhf,31,17,22
zfrhlnsxklkwcmvttsvxruqb,19,22,4
qhsuavmwphhgunhuvmasacjq,9,15,4
kpvhrhtwwqleovjaaxzbhxhf,31,11,25
oyndnlzksxwfakllhhzjofum,35,13,15
xrtpuptpgletjqkwxbrbhvpj,10,10,16
yfggronmbeaicvnqesiclcab,46,25,26
rplspltzyvesemdvvgdhkcwb,51,26,23
jfwhyznngdtdwqvpfvlfhkrn,34,26,22
qhsuavmwphhgunhuvmasacjq,9,24,15
pewirfcihyxgosomurtjqhqk,32,24,11
vweimvzdmiearzknlcliypdz,28,25,28
icspzysiasubdebbsmotdjed,38,25,23
fugyswfadgiwpxkmbcsafrkz,42,28,20
bayooxkvppbvxqycnrqnmhdl,50,22,24
ifhmgpxxuxtueeajfbjkxlln,52,11,18
icspzysiasubdebbsmotdjed,38,13,14
vweimvzdmiearzknlcliypdz,28,24,20
airwugfhjdvuwpslyihowrag,22,29,3
zhqdlfgxjplauamcqshkgdwk,27,26,30
bhoqjoxnipluugdztlzydjqb,53,25,18
jtkvcfqcyqdnwxfpiyogycle,47,19,10
ojajazeprbueltusfnzgchqx,56,18,23
fugyswfadgiwpxkmbcsafrkz,42,23,10
jfwhyznngdtdwqvpfvlfhkrn,34,13,22
bayooxkvppbvxqycnrqnmhdl,50,20,20
hajuaqxmpcbjndyyubrbucci,44,25,22
ojajazeprbueltusfnzgchqx,56,27,7
airwugfhjdvuwpslyihowrag,22,13,9
ifeyctsxmctxkvgcteytnhcq,30,17,10
icspzysiasubdebbsmotdjed,38,27,20
dqhtweenvqazdsloyqwzryaw,17,19,27
aapdrcumbbdqhieivorqbcco,2,15,2
airwugfhjdvuwpslyihowrag,22,21,18
obgrvdzzvrplhlmjpbcabvtz,39,17,4
nmkthlfbougsygljvwesltly,49,20,30
fsdgubcuohmkwvabrwiyctom,57,26,28
kitmwnuuxhbgfxytuztwhkcf,3,25,27
mhmyefdvyexhitpksgsrqgmj,16,27,3
pewirfcihyxgosomurtjqhqk,32,15,28
gthhjulrywyjryfeewvafiyg,45,23,13
kpvhrhtwwqleovjaaxzbhxhf,31,25,11
qaolcgslunrnssfarfiereku,5,14,14
cwxoplbojtbaqhyxinupvkig,1,29,8
emvjpwljxzaxmpdybcfdukys,21,14,20
ievwveyxrfjsjpdvbpiprrkk,13,15,19
kpvhrhtwwqleovjaaxzbhxhf,31,23,23
maxaojqkznizhmdumfnpjozw,24,29,13
emvjpwljxzaxmpdybcfdukys,21,12,21
cugvbfatckzgcejqggicyirn,54,28,18
ppplmozbemlngttzobxkpnxf,25,24,11
jfwhyznngdtdwqvpfvlfhkrn,34,11,26
fsdgubcuohmkwvabrwiyctom,57,19,1
gyvrvmbkaqcvidmoaopwrgha,37,11,14
kitmwnuuxhbgfxytuztwhkcf,3,12,28
ppplmozbemlngttzobxkpnxf,25,15,20
maxaojqkznizhmdumfnpjozw,24,17,19
vbqtykhpuamhstlrhqevawwz,40,25,16
gthhjulrywyjryfeewvafiyg,45,18,8
nmkthlfbougsygljvwesltly,49,20,16
jfwhyznngdtdwqvpfvlfhkrn,34,11,5
ievwveyxrfjsjpdvbpiprrkk,13,13,4
ifhmgpxxuxtueeajfbjkxlln,52,20,15
svbufscspedntynmmsfoknes,36,19,19
icspzysiasubdebbsmotdjed,38,28,20
icspzysiasubdebbsmotdjed,38,22,7
hajuaqxmpcbjndyyubrbucci,44,21,2
qhsuavmwphhgunhuvmasacjq,9,11,5
emvjpwljxzaxmpdybcfdukys,21,26,7
szoklzgycndrwaqfcpzihrru,4,20,14
kpvhrhtwwqleovjaaxzbhxhf,31,13,6
fugyswfadgiwpxkmbcsafrkz,42,19,11
obgrvdzzvrplhlmjpbcabvtz,39,19,17
yfggronmbeaicvnqesiclcab,46,20,8
zxhegtgmexqnlmrcolsqfonx,43,21,25
ppplmozbemlngttzobxkpnxf,25,11,6
emvjpwljxzaxmpdybcfdukys,21,26,25
airwugfhjdvuwpslyihowrag,22,20,3
lvwoyujmvdqlgmumhmcgtqhb,48,26,4
icspzysiasubdebbsmotdjed,38,24,2
hajuaqxmpcbjndyyubrbucci,44,13,11
uwbkdbzqmhpiarcvotafzsrf,20,25,3
oyndnlzksxwfakllhhzjofum,35,18,6
cwxoplbojtbaqhyxinupvkig,1,13,19
uzzmfokbzkesxfkqdxqxpmdc,41,26,22
bhoqjoxnipluugdztlzydjqb,53,22,30
qhsuavmwphhgunhuvmasacjq,9,13,19
ppplmozbemlngttzobxkpnxf,25,24,21
ppplmozbemlngttzobxkpnxf,25,14,22
mulewvpnrrdlhvypwycmvdsb,15,20,11
vweimvzdmiearzknlcliypdz,28,15,2
icspzysiasubdebbsmotdjed,38,25,12
ifeyctsxmctxkvgcteytnhcq,30,18,29
vweimvzdmiearzknlcliypdz,28,11,24
uwbkdbzqmhpiarcvotafzsrf,20,11,17
obgrvdzzvrplhlmjpbcabvtz,39,14,1
yzhmvygtoazehgwxtloujelk,7,10,26
aapdrcumbbdqhieivorqbcco,2,27,20
pewirfcihyxgosomurtjqhqk,32,12,22
svbufscspedntynmmsfoknes,36,17,1
bayooxkvppbvxqycnrqnmhdl,50,20,23
rplspltzyvesemdvvgdhkcwb,51,10,7
ifhmgpxxuxtueeajfbjkxlln,52,11,16
cxlqxtuxtxljaxfezkmngkwz,8,21,5
lvwoyujmvdqlgmumhmcgtqhb,48,18,25
yzhmvygtoazehgwxtloujelk,7,17,24
ppplmozbemlngttzobxkpnxf,25,14,22
jixrvfobaszuvnnzfqoaplbg,11,27,25
ifeyctsxmctxkvgcteytnhcq,30,19,6
ifhmgpxxuxtueeajfbjkxlln,52,16,6
szoklzgycndrwaqfcpzihrru,4,26,16
ppplmozbemlngttzobxkpnxf,25,15,10
cwxoplbojtbaqhyxinupvkig,1,22,28
oyndnlzksxwfakllhhzjofum,35,17,27
hwvmvushxlcwoyivgiubmwtm,33,26,6
aapdrcumbbdqhieivorqbcco,2,26,29
pewirfcihyxgosomurtjqhqk,32,16,24
ybgkqdgcwtxlcazctahdrgmz,12,13,18
faavtgufqyuqeejksrqwwhak,6,11,2
rhbfjpzwxkraspfodutmmysx,26,22,10
szoklzgycndrwaqfcpzihrru,4,21,29
emvjpwljxzaxmpdybcfdukys,21,29,14
ievwveyxrfjsjpdvbpiprrkk,13,26,26
vwbouwoidlpgbubzaekchpgi,29,27,26
thmhquwjklxfuhgqjkobfanz,55,15,12
bayooxkvppbvxqycnrqnmhdl,50,21,30
faavtgufqyuqeejksrqwwhak,6,21,9
qhsuavmwphhgunhuvmasacjq,9,23,7
ybgkqdgcwtxlcazctahdrgmz,12,19,17
thmhquwjklxfuhgqjkobfanz,55,23,12
jfwhyznngdtdwqvpfvlfhkrn,34,13,15
bhoqjoxnipluugdztlzydjqb,53,22,8
zxhegtgmexqnlmrcolsqfonx,43,12,3
xbunshpqsdayvghpmikvhixg,14,12,17
maxaojqkznizhmdumfnpjozw,24,15,1
kpvhrhtwwqleovjaaxzbhxhf,31,14,15
thmhquwjklxfuhgqjkobfanz,55,10,6
kitmwnuuxhbgfxytuztwhkcf,3,15,30
fsdgubcuohmkwvabrwiyctom,57,17,1
thmhquwjklxfuhgqjkobfanz,55,28,12
mulewvpnrrdlhvypwycmvdsb,15,21,23
maxaojqkznizhmdumfnpjozw,24,20,21
bayooxkvppbvxqycnrqnmhdl,50,23,10
szoklzgycndrwaqfcpzihrru,4,27,14
airwugfhjdvuwpslyihowrag,22,19,15
zfrhlnsxklkwcmvttsvxruqb,19,18,10
rhbfjpzwxkraspfodutmmysx,26,18,21
icspzysiasubdebbsmotdjed,38,18,29
szoklzgycndrwaqfcpzihrru,4,20,3
dqhtweenvqazdsloyqwzryaw,17,11,1
cwxoplbojtbaqhyxinupvkig,1,13,21
jfwhyznngdtdwqvpfvlfhkrn,34,28,17
vbqtykhpuamhstlrhqevawwz,40,14,10
jixrvfobaszuvnnzfqoaplbg,11,23,7
cugvbfatckzgcejqggicyirn,54,11,11
mulewvpnrrdlhvypwycmvdsb,15,20,14
mulewvpnrrdlhvypwycmvdsb,15,21,18
xbunshpqsdayvghpmikvhixg,14,24,8
aapdrcumbbdqhieivorqbcco,2,11,16
maxaojqkznizhmdumfnpjozw,24,29,7
mulewvpnrrdlhvypwycmvdsb,15,20,13
rplspltzyvesemdvvgdhkcwb,51,27,24
bhoqjoxnipluugdztlzydjqb,53,25,25
hwvmvushxlcwoyivgiubmwtm,33,18,13
zhqdlfgxjplauamcqshkgdwk,27,16,17
dqhtweenvqazdsloyqwzryaw,17,12,7
jixrvfobaszuvnnzfqoaplbg,11,11,22
gthhjulrywyjryfeewvafiyg,45,29,7
ifeyctsxmctxkvgcteytnhcq,30,25,17
szoklzgycndrwaqfcpzihrru,4,18,3
kpvhrhtwwqleovjaaxzbhxhf,31,27,30
icspzysiasubdebbsmotdjed,38,26,11
vweimvzdmiearzknlcliypdz,28,21,29
yzhmvygtoazehgwxtloujelk,7,14,29
bhoqjoxnipluugdztlzydjqb,53,13,18
pewirfcihyxgosomurtjqhqk,32,26,24
aapdrcumbbdqhieivorqbcco,2,12,10
ojajazeprbueltusfnzgchqx,56,12,6
hwvmvushxlcwoyivgiubmwtm,33,29,8
zxhegtgmexqnlmrcolsqfonx,43,29,23
gthhjulrywyjryfeewvafiyg,45,11,5
ybgkqdgcwtxlcazctahdrgmz,12,19,18
ybgkqdgcwtxlcazctahdrgmz,12,26,14
vwbouwoidlpgbubzaekchpgi,29,10,24
hwvmvushxlcwoyivgiubmwtm,33,21,24
hwvmvushxlcwoyivgiubmwtm,33,22,3
ifhmgpxxuxtueeajfbjkxlln,52,29,23
kpvhrhtwwqleovjaaxzbhxhf,31,23,30
jfwhyznngdtdwqvpfvlfhkrn,34,15,7
fsdgubcuohmkwvabrwiyctom,57,24,1
kpvhrhtwwqleovjaaxzbhxhf,31,12,16
aapdrcumbbdqhieivorqbcco,2,25,5
aapdrcumbbdqhieivorqbcco,2,27,27
fsdgubcuohmkwvabrwiyctom,57,21,30
thmhquwjklxfuhgqjkobfanz,55,24,21
jfwhyznngdtdwqvpfvlfhkrn,34,13,3
xrtpuptpgletjqkwxbrbhvpj,10,27,9
uzzmfokbzkesxfkqdxqxpmdc,41,12,3
cugvbfatckzgcejqggicyirn,54,26,14
hajuaqxmpcbjndyyubrbucci,44,14,23
gthhjulrywyjryfeewvafiyg,45,15,27
oyndnlzksxwfakllhhzjofum,35,21,5
dpsdxolbtwhrefjbgncdvptp,18,11,5
nmkthlfbougsygljvwesltly,49,26,19
hajuaqxmpcbjndyyubrbucci,44,13,26
airwugfhjdvuwpslyihowrag,22,10,19
ifhmgpxxuxtueeajfbjkxlln,52,11,16
zfrhlnsxklkwcmvttsvxruqb,19,20,28
zfrhlnsxklkwcmvttsvxruqb,19,19,15
gthhjulrywyjryfeewvafiyg,45,26,19
zhqdlfgxjplauamcqshkgdwk,27,26,15
zfrhlnsxklkwcmvttsvxruqb,19,10,14
qhsuavmwphhgunhuvmasacjq,9,17,5
cxlqxtuxtxljaxfezkmngkwz,8,18,23
emvjpwljxzaxmpdybcfdukys,21,11,18
svbufscspedntynmmsfoknes,36,29,2
cxlqxtuxtxljaxfezkmngkwz,8,25,3
xbunshpqsdayvghpmikvhixg,14,16,5
ppplmozbemlngttzobxkpnxf,25,12,30
qhsuavmwphhgunhuvmasacjq,9,16,20
fsdgubcuohmkwvabrwiyctom,57,21,26
bhoqjoxnipluugdztlzydjqb,53,18,5
emvjpwljxzaxmpdybcfdukys,21,21,1
kpvhrhtwwqleovjaaxzbhxhf,31,17,15
emvjpwljxzaxmpdybcfdukys,21,29,23
bayooxkvppbvxqycnrqnmhdl,50,24,11
airwugfhjdvuwpslyihowrag,22,20,29
bhoqjoxnipluugdztlzydjqb,53,16,5
ifeyctsxmctxkvgcteytnhcq,30,16,13
szoklzgycndrwaqfcpzihrru,4,29,12
jfwhyznngdtdwqvpfvlfhkrn,34,21,16
ybgkqdgcwtxlcazctahdrgmz,12,23,12
cwxoplbojtbaqhyxinupvkig,1,17,4
szoklzgycndrwaqfcpzihrru,4,17,4
ievwveyxrfjsjpdvbpiprrkk,13,27,20
fsdgubcuohmkwvabrwiyctom,57,16,13
qhsuavmwphhgunhuvmasacjq,9,14,27
cxlqxtuxtxljaxfezkmngkwz,8,18,23
faavtgufqyuqeejksrqwwhak,6,29,17
pewirfcihyxgosomurtjqhqk,32,23,1
gyvrvmbkaqcvidmoaopwrgha,37,17,10
rplspltzyvesemdvvgdhkcwb,51,12,10
vbqtykhpuamhstlrhqevawwz,40,11,8
kitmwnuuxhbgfxytuztwhkcf,3,16,14
oyndnlzksxwfakllhhzjofum,35,27,23
ifhmgpxxuxtueeajfbjkxlln,52,14,13
dqhtweenvqazdsloyqwzryaw,17,24,29
faavtgufqyuqeejksrqwwhak,6,15,9
ppplmozbemlngttzobxkpnxf,25,12,9
hwvmvushxlcwoyivgiubmwtm,33,25,9
yfggronmbeaicvnqesiclcab,46,29,25
gyvrvmbkaqcvidmoaopwrgha,37,22,24
rhbfjpzwxkraspfodutmmysx,26,26,18
rhbfjpzwxkraspfodutmmysx,26,22,7
mulewvpnrrdlhvypwycmvdsb,15,26,27
bayooxkvppbvxqycnrqnmhdl,50,25,29
svbufscspedntynmmsfoknes,36,10,22
liwhhvyamcefuzdobgjduokj,23,22,1
ppplmozbemlngttzobxkpnxf,25,26,24
szoklzgycndrwaqfcpzihrru,4,15,8
bayooxkvppbvxqycnrqnmhdl,50,26,17
svbufscspedntynmmsfoknes,36,15,27
oyndnlzksxwfakllhhzjofum,35,10,30
ifeyctsxmctxkvgcteytnhcq,30,28,28
ppplmozbemlngttzobxkpnxf,25,13,15
xrtpuptpgletjqkwxbrbhvpj,10,28,26
airwugfhjdvuwpslyihowrag,22,12,3
maxaojqkznizhmdumfnpjozw,24,26,6
mhmyefdvyexhitpksgsrqgmj,16,20,21
zxhegtgmexqnlmrcolsqfonx,43,19,11
hajuaqxmpcbjndyyubrbucci,44,17,22
cxlqxtuxtxljaxfezkmngkwz,8,29,1
rplspltzyvesemdvvgdhkcwb,51,11,16
gthhjulrywyjryfeewvafiyg,45,12,6
jfwhyznngdtdwqvpfvlfhkrn,34,28,4
fsdgubcuohmkwvabrwiyctom,57,22,19
zxhegtgmexqnlmrcolsqfonx,43,22,19
zhqdlfgxjplauamcqshkgdwk,27,24,22
bhoqjoxnipluugdztlzydjqb,53,18,9
cxlqxtuxtxljaxfezkmngkwz,8,15,7
kpvhrhtwwqleovjaaxzbhxhf,31,17,18
kpvhrhtwwqleovjaaxzbhxhf,31,26,1
jixrvfobaszuvnnzfqoaplbg,11,16,4
xrtpuptpgletjqkwxbrbhvpj,10,17,10
emvjpwljxzaxmpdybcfdukys,21,19,28
uzzmfokbzkesxfkqdxqxpmdc,41,19,16
icspzysiasubdebbsmotdjed,38,26,11
gyvrvmbkaqcvidmoaopwrgha,37,11,17
obgrvdzzvrplhlmjpbcabvtz,39,22,19
xbunshpqsdayvghpmikvhixg,14,24,11
fugyswfadgiwpxkmbcsafrkz,42,14,22
zxhegtgmexqnlmrcolsqfonx,43,29,11
obgrvdzzvrplhlmjpbcabvtz,39,21,9
icspzysiasubdebbsmotdjed,38,22,10
kitmwnuuxhbgfxytuztwhkcf,3,26,1
ifeyctsxmctxkvgcteytnhcq,30,15,12
vwbouwoidlpgbubzaekchpgi,29,11,30
ifhmgpxxuxtueeajfbjkxlln,52,15,1
cwxoplbojtbaqhyxinupvkig,1,22,11
kitmwnuuxhbgfxytuztwhkcf,3,17,4
szoklzgycndrwaqfcpzihrru,4,12,21
vbqtykhpuamhstlrhqevawwz,40,26,27
hajuaqxmpcbjndyyubrbucci,44,11,15
jtkvcfqcyqdnwxfpiyogycle,47,25,25
jixrvfobaszuvnnzfqoaplbg,11,22,29
rhbfjpzwxkraspfodutmmysx,26,23,8
ojajazeprbueltusfnzgchqx,56,23,17
hajuaqxmpcbjndyyubrbucci,44,28,13
vwbouwoidlpgbubzaekchpgi,29,28,23
jixrvfobaszuvnnzfqoaplbg,11,10,18
rhbfjpzwxkraspfodutmmysx,26,15,28
kitmwnuuxhbgfxytuztwhkcf,3,28,18
fugyswfadgiwpxkmbcsafrkz,42,10,29
nmkthlfbougsygljvwesltly,49,23,18
vbqtykhpuamhstlrhqevawwz,40,10,2
uzzmfokbzkesxfkqdxqxpmdc,41,23,29
icspzysiasubdebbsmotdjed,38,20,25
dqhtweenvqazdsloyqwzryaw,17,20,4
maxaojqkznizhmdumfnpjozw,24,29,13
maxaojqkznizhmdumfnpjozw,24,16,4
yfggronmbeaicvnqesiclcab,46,23,12
lvwoyujmvdqlgmumhmcgtqhb,48,28,18
cxlqxtuxtxljaxfezkmngkwz,8,22,4
emvjpwljxzaxmpdybcfdukys,21,10,1
ifeyctsxmctxkvgcteytnhcq,30,22,19
ojajazeprbueltusfnzgchqx,56,19,13
uzzmfokbzkesxfkqdxqxpmdc,41,21,3
rplspltzyvesemdvvgdhkcwb,51,24,27
pewirfcihyxgosomurtjqhqk,32,22,25
szoklzgycndrwaqfcpzihrru,4,20,30
kpvhrhtwwqleovjaaxzbhxhf,31,11,2
svbufscspedntynmmsfoknes,36,14,16
uwbkdbzqmhpiarcvotafzsrf,20,28,24
lvwoyujmvdqlgmumhmcgtqhb,48,12,24
yzhmvygtoazehgwxtloujelk,7,13,17
qhsuavmwphhgunhuvmasacjq,9,15,4
lvwoyujmvdqlgmumhmcgtqhb,48,13,1
uwbkdbzqmhpiarcvotafzsrf,20,29,12
vbqtykhpuamhstlrhqevawwz,40,17,14
bayooxkvppbvxqycnrqnmhdl,50,18,29
lvwoyujmvdqlgmumhmcgtqhb,48,21,4
hwvmvushxlcwoyivgiubmwtm,33,26,1
icspzysiasubdebbsmotdjed,38,29,3
liwhhvyamcefuzdobgjduokj,23,10,20
bhoqjoxnipluugdztlzydjqb,53,12,30
xbunshpqsdayvghpmikvhixg,14,24,7
ybgkqdgcwtxlcazctahdrgmz,12,13,14
zfrhlnsxklkwcmvttsvxruqb,19,13,12
hajuaqxmpcbjndyyubrbucci,44,21,1
yfggronmbeaicvnqesiclcab,46,16,26
nmkthlfbougsygljvwesltly,49,21,24
hwvmvushxlcwoyivgiubmwtm,33,18,30
fsdgubcuohmkwvabrwiyctom,57,13,28
maxaojqkznizhmdumfnpjozw,24,21,9
zxhegtgmexqnlmrcolsqfonx,43,17,4
emvjpwljxzaxmpdybcfdukys,21,18,11
ybgkqdgcwtxlcazctahdrgmz,12,14,25
obgrvdzzvrplhlmjpbcabvtz,39,23,6
zhqdlfgxjplauamcqshkgdwk,27,26,13
ifhmgpxxuxtueeajfbjkxlln,52,21,10
vwbouwoidlpgbubzaekchpgi,29,13,2
vwbouwoidlpgbubzaekchpgi,29,27,5
thmhquwjklxfuhgqjkobfanz,55,27,1
ojajazeprbueltusfnzgchqx,56,17,29
kitmwnuuxhbgfxytuztwhkcf,3,19,25
hajuaqxmpcbjndyyubrbucci,44,16,4
thmhquwjklxfuhgqjkobfanz,55,14,3
rplspltzyvesemdvvgdhkcwb,51,19,9
zxhegtgmexqnlmrcolsqfonx,43,15,30
faavtgufqyuqeejksrqwwhak,6,15,24
ifeyctsxmctxkvgcteytnhcq,30,18,13
dpsdxolbtwhrefjbgncdvptp,18,10,28
vbqtykhpuamhstlrhqevawwz,40,20,26
dpsdxolbtwhrefjbgncdvptp,18,15,1
kitmwnuuxhbgfxytuztwhkcf,3,25,20
dqhtweenvqazdsloyqwzryaw,17,24,27
pewirfcihyxgosomurtjqhqk,32,12,30
qaolcgslunrnssfarfiereku,5,27,28
uwbkdbzqmhpiarcvotafzsrf,20,14,7
qaolcgslunrnssfarfiereku,5,13,20
gyvrvmbkaqcvidmoaopwrgha,37,14,28
nmkthlfbougsygljvwesltly,49,18,29
cugvbfatckzgcejqggicyirn,54,23,7
ybgkqdgcwtxlcazctahdrgmz,12,21,10
mhmyefdvyexhitpksgsrqgmj,16,20,13
kitmwnuuxhbgfxytuztwhkcf,3,20,10
szoklzgycndrwaqfcpzihrru,4,28,28
airwugfhjdvuwpslyihowrag,22,18,14
uzzmfokbzkesxfkqdxqxpmdc,41,24,15
yfggronmbeaicvnqesiclcab,46,17,16
jixrvfobaszuvnnzfqoaplbg,11,16,15
rplspltzyvesemdvvgdhkcwb,51,20,14
cwxoplbojtbaqhyxinupvkig,1,26,18
szoklzgycndrwaqfcpzihrru,4,10,27
aapdrcumbbdqhieivorqbcco,2,28,12
pewirfcihyxgosomurtjqhqk,32,25,4
lvwoyujmvdqlgmumhmcgtqhb,48,14,8
ojajazeprbueltusfnzgchqx,56,11,9
obgrvdzzvrplhlmjpbcabvtz,39,19,12
maxaojqkznizhmdumfnpjozw,24,27,15
gthhjulrywyjryfeewvafiyg,45,18,24
svbufscspedntynmmsfoknes,36,28,6
kitmwnuuxhbgfxytuztwhkcf,3,14,21
hwvmvushxlcwoyivgiubmwtm,33,23,17
qaolcgslunrnssfarfiereku,5,25,7
qaolcgslunrnssfarfiereku,5,26,23
jfwhyznngdtdwqvpfvlfhkrn,34,19,5
faavtgufqyuqeejksrqwwhak,6,23,5
vwbouwoidlpgbubzaekchpgi,29,27,17
dpsdxolbtwhrefjbgncdvptp,18,20,24
maxaojqkznizhmdumfnpjozw,24,20,3
rhbfjpzwxkraspfodutmmysx,26,18,27
jixrvfobaszuvnnzfqoaplbg,11,12,5
fsdgubcuohmkwvabrwiyctom,57,28,25
thmhquwjklxfuhgqjkobfanz,55,27,2
airwugfhjdvuwpslyihowrag,22,24,13
vweimvzdmiearzknlcliypdz,28,23,16
xbunshpqsdayvghpmikvhixg,14,11,5
uzzmfokbzkesxfkqdxqxpmdc,41,17,26
svbufscspedntynmmsfoknes,36,11,4
ifeyctsxmctxkvgcteytnhcq,30,14,17
yfggronmbeaicvnqesiclcab,46,17,8
liwhhvyamcefuzdobgjduokj,23,26,29
dqhtweenvqazdsloyqwzryaw,17,17,7
zfrhlnsxklkwcmvttsvxruqb,19,12,27
ifhmgpxxuxtueeajfbjkxlln,52,28,16
cwxoplbojtbaqhyxinupvkig,1,22,17
qhsuavmwphhgunhuvmasacjq,9,24,18
uzzmfokbzkesxfkqdxqxpmdc,41,11,28
nmkthlfbougsygljvwesltly,49,10,20
rplspltzyvesemdvvgdhkcwb,51,25,17
kpvhrhtwwqleovjaaxzbhxhf,31,29,18
zfrhlnsxklkwcmvttsvxruqb,19,19,22
hwvmvushxlcwoyivgiubmwtm,33,11,21
xrtpuptpgletjqkwxbrbhvpj,10,22,23
cwxoplbojtbaqhyxinupvkig,1,16,5
liwhhvyamcefuzdobgjduokj,23,21,6
obgrvdzzvrplhlmjpbcabvtz,39,17,3
ifhmgpxxuxtueeajfbjkxlln,52,12,3
ppplmozbemlngttzobxkpnxf,25,13,16
icspzysiasubdebbsmotdjed,38,20,9
ifeyctsxmctxkvgcteytnhcq,30,15,22
obgrvdzzvrplhlmjpbcabvtz,39,10,24
rplspltzyvesemdvvgdhkcwb,51,23,2
kitmwnuuxhbgfxytuztwhkcf,3,18,10
emvjpwljxzaxmpdybcfdukys,21,20,21
bayooxkvppbvxqycnrqnmhdl,50,27,27
yfggronmbeaicvnqesiclcab,46,26,10
ievwveyxrfjsjpdvbpiprrkk,13,14,19
maxaojqkznizhmdumfnpjozw,24,14,26
rplspltzyvesemdvvgdhkcwb,51,29,12
rhbfjpzwxkraspfodutmmysx,26,20,21
bayooxkvppbvxqycnrqnmhdl,50,20,21
gthhjulrywyjryfeewvafiyg,45,29,28
nmkthlfbougsygljvwesltly,49,13,16
kitmwnuuxhbgfxytuztwhkcf,3,23,18
fugyswfadgiwpxkmbcsafrkz,42,15,18
svbufscspedntynmmsfoknes,36,12,11
ppplmozbemlngttzobxkpnxf,25,18,27
zxhegtgmexqnlmrcolsqfonx,43,10,26
yfggronmbeaicvnqesiclcab,46,29,28
uzzmfokbzkesxfkqdxqxpmdc,41,23,12
vbqtykhpuamhstlrhqevawwz,40,26,27
jfwhyznngdtdwqvpfvlfhkrn,34,26,26
yzhmvygtoazehgwxtloujelk,7,14,11
xrtpuptpgletjqkwxbrbhvpj,10,13,23
dpsdxolbtwhrefjbgncdvptp,18,12,25
hajuaqxmpcbjndyyubrbucci,44,10,12
jixrvfobaszuvnnzfqoaplbg,11,17,25
uwbkdbzqmhpiarcvotafzsrf,20,22,26
oyndnlzksxwfakllhhzjofum,35,17,22
ybgkqdgcwtxlcazctahdrgmz,12,24,6
ifhmgpxxuxtueeajfbjkxlln,52,15,17
cugvbfatckzgcejqggicyirn,54,27,21
thmhquwjklxfuhgqjkobfanz,55,22,17
zhqdlfgxjplauamcqshkgdwk,27,27,13
kpvhrhtwwqleovjaaxzbhxhf,31,21,3
lvwoyujmvdqlgmumhmcgtqhb,48,29,22
hwvmvushxlcwoyivgiubmwtm,33,22,30
emvjpwljxzaxmpdybcfdukys,21,28,4
bhoqjoxnipluugdztlzydjqb,53,29,11
maxaojqkznizhmdumfnpjozw,24,12,3
rplspltzyvesemdvvgdhkcwb,51,12,14
hwvmvushxlcwoyivgiubmwtm,33,27,26
icspzysiasubdebbsmotdjed,38,24,9
gthhjulrywyjryfeewvafiyg,45,10,23
uwbkdbzqmhpiarcvotafzsrf,20,15,19
vbqtykhpuamhstlrhqevawwz,40,10,16
mhmyefdvyexhitpksgsrqgmj,16,25,18
faavtgufqyuqeejksrqwwhak,6,20,28
ybgkqdgcwtxlcazctahdrgmz,12,22,11
kpvhrhtwwqleovjaaxzbhxhf,31,24,28
maxaojqkznizhmdumfnpjozw,24,14,17
oyndnlzksxwfakllhhzjofum,35,28,21
pewirfcihyxgosomurtjqhqk,32,22,27
emvjpwljxzaxmpdybcfdukys,21,12,8
rhbfjpzwxkraspfodutmmysx,26,19,28
gthhjulrywyjryfeewvafiyg,45,22,23
xrtpuptpgletjqkwxbrbhvpj,10,27,27
liwhhvyamcefuzdobgjduokj,23,22,5
yzhmvygtoazehgwxtloujelk,7,16,8
pewirfcihyxgosomurtjqhqk,32,16,20
ybgkqdgcwtxlcazctahdrgmz,12,28,19
uzzmfokbzkesxfkqdxqxpmdc,41,12,11
dqhtweenvqazdsloyqwzryaw,17,11,4
svbufscspedntynmmsfoknes,36,23,27
mhmyefdvyexhitpksgsrqgmj,16,23,23
ievwveyxrfjsjpdvbpiprrkk,13,15,8
rhbfjpzwxkraspfodutmmysx,26,10,7
gthhjulrywyjryfeewvafiyg,45,29,9
szoklzgycndrwaqfcpzihrru,4,12,6
yzhmvygtoazehgwxtloujelk,7,26,5
cxlqxtuxtxljaxfezkmngkwz,8,20,1
jtkvcfqcyqdnwxfpiyogycle,47,17,15
ppplmozbemlngttzobxkpnxf,25,13,28
liwhhvyamcefuzdobgjduokj,23,13,11
uzzmfokbzkesxfkqdxqxpmdc,41,28,23
icspzysiasubdebbsmotdjed,38,23,25
rhbfjpzwxkraspfodutmmysx,26,25,19
ievwveyxrfjsjpdvbpiprrkk,13,21,14
ifhmgpxxuxtueeajfbjkxlln,52,22,22
fugyswfadgiwpxkmbcsafrkz,42,24,11
zfrhlnsxklkwcmvttsvxruqb,19,26,26
uwbkdbzqmhpiarcvotafzsrf,20,10,5
icspzysiasubdebbsmotdjed,38,10,13
oyndnlzksxwfakllhhzjofum,35,23,12
dpsdxolbtwhrefjbgncdvptp,18,16,2
szoklzgycndrwaqfcpzihrru,4,28,29
cxlqxtuxtxljaxfezkmngkwz,8,17,20
oyndnlzksxwfakllhhzjofum,35,27,20
yzhmvygtoazehgwxtloujelk,7,18,25
xbunshpqsdayvghpmikvhixg,14,16,3
jixrvfobaszuvnnzfqoaplbg,11,10,19
ybgkqdgcwtxlcazctahdrgmz,12,12,8
fugyswfadgiwpxkmbcsafrkz,42,28,30
svbufscspedntynmmsfoknes,36,14,6
cugvbfatckzgcejqggicyirn,54,28,3
gyvrvmbkaqcvidmoaopwrgha,37,19,4
mhmyefdvyexhitpksgsrqgmj,16,11,4
faavtgufqyuqeejksrqwwhak,6,26,13
xbunshpqsdayvghpmikvhixg,14,15,19
ppplmozbemlngttzobxkpnxf,25,23,6
ojajazeprbueltusfnzgchqx,56,13,15
ifhmgpxxuxtueeajfbjkxlln,52,16,14
mulewvpnrrdlhvypwycmvdsb,15,16,18
ifeyctsxmctxkvgcteytnhcq,30,19,9
jixrvfobaszuvnnzfqoaplbg,11,24,15
zfrhlnsxklkwcmvttsvxruqb,19,29,25
cugvbfatckzgcejqggicyirn,54,25,9
hajuaqxmpcbjndyyubrbucci,44,25,10
thmhquwjklxfuhgqjkobfanz,55,22,25
jixrvfobaszuvnnzfqoaplbg,11,13,2
xbunshpqsdayvghpmikvhixg,14,23,1
kpvhrhtwwqleovjaaxzbhxhf,31,27,8
mulewvpnrrdlhvypwycmvdsb,15,12,13
obgrvdzzvrplhlmjpbcabvtz,39,12,17
maxaojqkznizhmdumfnpjozw,24,29,8
icspzysiasubdebbsmotdjed,38,27,26
emvjpwljxzaxmpdybcfdukys,21,20,14
dpsdxolbtwhrefjbgncdvptp,18,19,15
aapdrcumbbdqhieivorqbcco,2,29,7
gyvrvmbkaqcvidmoaopwrgha,37,16,22
zfrhlnsxklkwcmvttsvxruqb,19,14,18
nmkthlfbougsygljvwesltly,49,25,7
ojajazeprbueltusfnzgchqx,56,10,11
nmkthlfbougsygljvwesltly,49,17,19
ybgkqdgcwtxlcazctahdrgmz,12,21,4
maxaojqkznizhmdumfnpjozw,24,20,27
nmkthlfbougsygljvwesltly,49,24,29
ifeyctsxmctxkvgcteytnhcq,30,22,14
ppplmozbemlngttzobxkpnxf,25,12,20
cxlqxtuxtxljaxfezkmngkwz,8,16,5
oyndnlzksxwfakllhhzjofum,35,24,26
jfwhyznngdtdwqvpfvlfhkrn,34,29,6
dqhtweenvqazdsloyqwzryaw,17,10,29
gthhjulrywyjryfeewvafiyg,45,29,8
jtkvcfqcyqdnwxfpiyogycle,47,13,27
zxhegtgmexqnlmrcolsqfonx,43,24,7
jfwhyznngdtdwqvpfvlfhkrn,34,14,17
qaolcgslunrnssfarfiereku,5,15,21
vwbouwoidlpgbubzaekchpgi,29,14,12
aapdrcumbbdqhieivorqbcco,2,18,29
airwugfhjdvuwpslyihowrag,22,20,9
mulewvpnrrdlhvypwycmvdsb,15,11,27
nmkthlfbougsygljvwesltly,49,10,21
szoklzgycndrwaqfcpzihrru,4,23,17
rhbfjpzwxkraspfodutmmysx,26,21,28
vbqtykhpuamhstlrhqevawwz,40,21,2
zfrhlnsxklkwcmvttsvxruqb,19,11,10
airwugfhjdvuwpslyihowrag,22,25,6
zxhegtgmexqnlmrcolsqfonx,43,29,3
ifeyctsxmctxkvgcteytnhcq,30,21,24
cwxoplbojtbaqhyxinupvkig,1,18,21
icspzysiasubdebbsmotdjed,38,12,25
vbqtykhpuamhstlrhqevawwz,40,11,22
ievwveyxrfjsjpdvbpiprrkk,13,26,2
svbufscspedntynmmsfoknes,36,16,21
vweimvzdmiearzknlcliypdz,28,21,23
szoklzgycndrwaqfcpzihrru,4,25,16
emvjpwljxzaxmpdybcfdukys,21,12,1
ojajazeprbueltusfnzgchqx,56,17,29
mhmyefdvyexhitpksgsrqgmj,16,12,2
hajuaqxmpcbjndyyubrbucci,44,10,10
fugyswfadgiwpxkmbcsafrkz,42,11,13
uwbkdbzqmhpiarcvotafzsrf,20,26,2
uwbkdbzqmhpiarcvotafzsrf,20,24,26
rhbfjpzwxkraspfodutmmysx,26,27,14
zfrhlnsxklkwcmvttsvxruqb,19,21,2
thmhquwjklxfuhgqjkobfanz,55,20,19
obgrvdzzvrplhlmjpbcabvtz,39,25,22
bhoqjoxnipluugdztlzydjqb,53,11,10
vweimvzdmiearzknlcliypdz,28,29,18
ybgkqdgcwtxlcazctahdrgmz,12,29,28
cxlqxtuxtxljaxfezkmngkwz,8,16,25
xrtpuptpgletjqkwxbrbhvpj,10,20,22
ifeyctsxmctxkvgcteytnhcq,30,22,22
pewirfcihyxgosomurtjqhqk,32,13,12
fugyswfadgiwpxkmbcsafrkz,42,20,16
emvjpwljxzaxmpdybcfdukys,21,21,18
rhbfjpzwxkraspfodutmmysx,26,11,9
icspzysiasubdebbsmotdjed,38,13,19
aapdrcumbbdqhieivorqbcco,2,18,25
szoklzgycndrwaqfcpzihrru,4,23,4
ifeyctsxmctxkvgcteytnhcq,30,24,30
kitmwnuuxhbgfxytuztwhkcf,3,16,26
pewirfcihyxgosomurtjqhqk,32,19,26
gthhjulrywyjryfeewvafiyg,45,16,21
airwugfhjdvuwpslyihowrag,22,29,15
szoklzgycndrwaqfcpzihrru,4,17,1
gthhjulrywyjryfeewvafiyg,45,16,6
yzhmvygtoazehgwxtloujelk,7,14,20
mulewvpnrrdlhvypwycmvdsb,15,23,16
ppplmozbemlngttzobxkpnxf,25,20,23
mhmyefdvyexhitpksgsrqgmj,16,28,23
vbqtykhpuamhstlrhqevawwz,40,13,16
emvjpwljxzaxmpdybcfdukys,21,27,18
oyndnlzksxwfakllhhzjofum,35,21,5
zhqdlfgxjplauamcqshkgdwk,27,18,1
lvwoyujmvdqlgmumhmcgtqhb,48,26,29
cugvbfatckzgcejqggicyirn,54,16,14
xrtpuptpgletjqkwxbrbhvpj,10,24,21
liwhhvyamcefuzdobgjduokj,23,19,8
rhbfjpzwxkraspfodutmmysx,26,13,29
jtkvcfqcyqdnwxfpiyogycle,47,20,15
maxaojqkznizhmdumfnpjozw,24,13,30
kitmwnuuxhbgfxytuztwhkcf,3,24,6
gyvrvmbkaqcvidmoaopwrgha,37,15,13
kpvhrhtwwqleovjaaxzbhxhf,31,22,23
jixrvfobaszuvnnzfqoaplbg,11,24,12
gthhjulrywyjryfeewvafiyg,45,29,30
faavtgufqyuqeejksrqwwhak,6,18,28
uzzmfokbzkesxfkqdxqxpmdc,41,19,2
obgrvdzzvrplhlmjpbcabvtz,39,27,10
gyvrvmbkaqcvidmoaopwrgha,37,17,9
rhbfjpzwxkraspfodutmmysx,26,17,22
cugvbfatckzgcejqggicyirn,54,15,26
vweimvzdmiearzknlcliypdz,28,27,13
rhbfjpzwxkraspfodutmmysx,26,26,15
ifhmgpxxuxtueeajfbjkxlln,52,11,9
ifhmgpxxuxtueeajfbjkxlln,52,20,6
rhbfjpzwxkraspfodutmmysx,26,11,22
gthhjulrywyjryfeewvafiyg,45,11,17
fugyswfadgiwpxkmbcsafrkz,42,13,24
hwvmvushxlcwoyivgiubmwtm,33,29,8
uzzmfokbzkesxfkqdxqxpmdc,41,23,19
rplspltzyvesemdvvgdhkcwb,51,24,5
lvwoyujmvdqlgmumhmcgtqhb,48,14,30
gyvrvmbkaqcvidmoaopwrgha,37,29,12
mhmyefdvyexhitpksgsrqgmj,16,29,26
emvjpwljxzaxmpdybcfdukys,21,29,30
vwbouwoidlpgbubzaekchpgi,29,11,2
yzhmvygtoazehgwxtloujelk,7,11,9
bhoqjoxnipluugdztlzydjqb,53,17,2
ybgkqdgcwtxlcazctahdrgmz,12,10,5
qaolcgslunrnssfarfiereku,5,25,25
vweimvzdmiearzknlcliypdz,28,11,11
uzzmfokbzkesxfkqdxqxpmdc,41,18,12
vwbouwoidlpgbubzaekchpgi,29,21,16
uwbkdbzqmhpiarcvotafzsrf,20,13,3
jixrvfobaszuvnnzfqoaplbg,11,18,20
ojajazeprbueltusfnzgchqx,56,14,4
dpsdxolbtwhrefjbgncdvptp,18,19,7
qaolcgslunrnssfarfiereku,5,11,23
vbqtykhpuamhstlrhqevawwz,40,23,14
thmhquwjklxfuhgqjkobfanz,55,27,7
vbqtykhpuamhstlrhqevawwz,40,19,4
xrtpuptpgletjqkwxbrbhvpj,10,19,24
szoklzgycndrwaqfcpzihrru,4,19,19
fugyswfadgiwpxkmbcsafrkz,42,28,2
ybgkqdgcwtxlcazctahdrgmz,12,17,25
yzhmvygtoazehgwxtloujelk,7,29,22
vbqtykhpuamhstlrhqevawwz,40,16,22
vwbouwoidlpgbubzaekchpgi,29,25,8
cugvbfatckzgcejqggicyirn,54,26,24
svbufscspedntynmmsfoknes,36,11,26
emvjpwljxzaxmpdybcfdukys,21,14,8
aapdrcumbbdqhieivorqbcco,2,26,3
fugyswfadgiwpxkmbcsafrkz,42,26,29
cugvbfatckzgcejqggicyirn,54,28,1
fsdgubcuohmkwvabrwiyctom,57,12,12
nmkthlfbougsygljvwesltly,49,29,28
jtkvcfqcyqdnwxfpiyogycle,47,15,21
kpvhrhtwwqleovjaaxzbhxhf,31,11,11
yzhmvygtoazehgwxtloujelk,7,22,12
vweimvzdmiearzknlcliypdz,28,25,19
ppplmozbemlngttzobxkpnxf,25,17,6
yfggronmbeaicvnqesiclcab,46,20,8
hwvmvushxlcwoyivgiubmwtm,33,22,10
bayooxkvppbvxqycnrqnmhdl,50,27,20
bayooxkvppbvxqycnrqnmhdl,50,26,13
mulewvpnrrdlhvypwycmvdsb,15,24,27
zhqdlfgxjplauamcqshkgdwk,27,23,9
ojajazeprbueltusfnzgchqx,56,17,2
kpvhrhtwwqleovjaaxzbhxhf,31,14,17
qaolcgslunrnssfarfiereku,5,20,8
uzzmfokbzkesxfkqdxqxpmdc,41,29,27
cwxoplbojtbaqhyxinupvkig,1,18,16
mulewvpnrrdlhvypwycmvdsb,15,13,5
rplspltzyvesemdvvgdhkcwb,51,28,9
thmhquwjklxfuhgqjkobfanz,55,17,9
uwbkdbzqmhpiarcvotafzsrf,20,21,2
gyvrvmbkaqcvidmoaopwrgha,37,29,6
mulewvpnrrdlhvypwycmvdsb,15,27,20
airwugfhjdvuwpslyihowrag,22,23,27
aapdrcumbbdqhieivorqbcco,2,19,7
airwugfhjdvuwpslyihowrag,22,16,15
xbunshpqsdayvghpmikvhixg,14,25,21
dqhtweenvqazdsloyqwzryaw,17,24,2
xrtpuptpgletjqkwxbrbhvpj,10,15,8
rplspltzyvesemdvvgdhkcwb,51,28,7
ifeyctsxmctxkvgcteytnhcq,30,24,4
maxaojqkznizhmdumfnpjozw,24,16,26
xrtpuptpgletjqkwxbrbhvpj,10,27,19
szoklzgycndrwaqfcpzihrru,4,21,13
liwhhvyamcefuzdobgjduokj,23,14,9
ifeyctsxmctxkvgcteytnhcq,30,26,23
hajuaqxmpcbjndyyubrbucci,44,13,1
oyndnlzksxwfakllhhzjofum,35,28,15
rplspltzyvesemdvvgdhkcwb,51,23,16
airwugfhjdvuwpslyihowrag,22,23,15
thmhquwjklxfuhgqjkobfanz,55,10,15
ifhmgpxxuxtueeajfbjkxlln,52,15,30
vbqtykhpuamhstlrhqevawwz,40,12,1
qhsuavmwphhgunhuvmasacjq,9,25,16
ifeyctsxmctxkvgcteytnhcq,30,25,15
thmhquwjklxfuhgqjkobfanz,55,19,8
kitmwnuuxhbgfxytuztwhkcf,3,12,27
cugvbfatckzgcejqggicyirn,54,28,20
rplspltzyvesemdvvgdhkcwb,51,25,9
vwbouwoidlpgbubzaekchpgi,29,27,8
mulewvpnrrdlhvypwycmvdsb,15,19,15
qaolcgslunrnssfarfiereku,5,16,5
dpsdxolbtwhrefjbgncdvptp,18,15,7
zxhegtgmexqnlmrcolsqfonx,43,17,5
uwbkdbzqmhpiarcvotafzsrf,20,26,9
ybgkqdgcwtxlcazctahdrgmz,12,11,13
cugvbfatckzgcejqggicyirn,54,26,28
svbufscspedntynmmsfoknes,36,22,25
jtkvcfqcyqdnwxfpiyogycle,47,13,2
airwugfhjdvuwpslyihowrag,22,16,29
gyvrvmbkaqcvidmoaopwrgha,37,23,29
yzhmvygtoazehgwxtloujelk,7,28,22
mhmyefdvyexhitpksgsrqgmj,16,17,19
bayooxkvppbvxqycnrqnmhdl,50,26,10
uzzmfokbzkesxfkqdxqxpmdc,41,29,12
nmkthlfbougsygljvwesltly,49,22,20
vweimvzdmiearzknlcliypdz,28,26,10
faavtgufqyuqeejksrqwwhak,6,23,30
rhbfjpzwxkraspfodutmmysx,26,22,20
vwbouwoidlpgbubzaekchpgi,29,29,12
xbunshpqsdayvghpmikvhixg,14,16,17
hwvmvushxlcwoyivgiubmwtm,33,26,8
aapdrcumbbdqhieivorqbcco,2,21,15
ppplmozbemlngttzobxkpnxf,25,28,14
ifhmgpxxuxtueeajfbjkxlln,52,23,8
zhqdlfgxjplauamcqshkgdwk,27,29,12
fugyswfadgiwpxkmbcsafrkz,42,26,27
zfrhlnsxklkwcmvttsvxruqb,19,20,16
cugvbfatckzgcejqggicyirn,54,15,19
hajuaqxmpcbjndyyubrbucci,44,23,21
rhbfjpzwxkraspfodutmmysx,26,12,11
kitmwnuuxhbgfxytuztwhkcf,3,27,12
pewirfcihyxgosomurtjqhqk,32,21,20
zhqdlfgxjplauamcqshkgdwk,27,23,4
cugvbfatckzgcejqggicyirn,54,13,8
szoklzgycndrwaqfcpzihrru,4,21,16
ojajazeprbueltusfnzgchqx,56,10,23
ojajazeprbueltusfnzgchqx,56,16,21
ppplmozbemlngttzobxkpnxf,25,15,28
qaolcgslunrnssfarfiereku,5,28,17
mulewvpnrrdlhvypwycmvdsb,15,12,23
fugyswfadgiwpxkmbcsafrkz,42,10,27
pewirfcihyxgosomurtjqhqk,32,25,1
kitmwnuuxhbgfxytuztwhkcf,3,28,24
szoklzgycndrwaqfcpzihrru,4,27,14
pewirfcihyxgosomurtjqhqk,32,24,26
qaolcgslunrnssfarfiereku,5,26,15
lvwoyujmvdqlgmumhmcgtqhb,48,11,13
qhsuavmwphhgunhuvmasacjq,9,16,3
jtkvcfqcyqdnwxfpiyogycle,47,24,19
ifeyctsxmctxkvgcteytnhcq,30,10,21
bayooxkvppbvxqycnrqnmhdl,50,21,2
ybgkqdgcwtxlcazctahdrgmz,12,21,24
kpvhrhtwwqleovjaaxzbhxhf,31,19,30
jtkvcfqcyqdnwxfpiyogycle,47,23,11
ievwveyxrfjsjpdvbpiprrkk,13,28,17
gyvrvmbkaqcvidmoaopwrgha,37,12,13
uwbkdbzqmhpiarcvotafzsrf,20,18,24
yfggronmbeaicvnqesiclcab,46,10,14
uzzmfokbzkesxfkqdxqxpmdc,41,18,3
ybgkqdgcwtxlcazctahdrgmz,12,14,16
lvwoyujmvdqlgmumhmcgtqhb,48,19,10
airwugfhjdvuwpslyihowrag,22,26,24
bhoqjoxnipluugdztlzydjqb,53,21,30
fugyswfadgiwpxkmbcsafrkz,42,23,7
fugyswfadgiwpxkmbcsafrkz,42,18,11
lvwoyujmvdqlgmumhmcgtqhb,48,17,10
zfrhlnsxklkwcmvttsvxruqb,19,11,23
ybgkqdgcwtxlcazctahdrgmz,12,12,30
jixrvfobaszuvnnzfqoaplbg,11,15,6
rplspltzyvesemdvvgdhkcwb,51,18,21
liwhhvyamcefuzdobgjduokj,23,20,12
qaolcgslunrnssfarfiereku,5,13,2
fsdgubcuohmkwvabrwiyctom,57,10,13
jtkvcfqcyqdnwxfpiyogycle,47,20,26
qaolcgslunrnssfarfiereku,5,20,17
qhsuavmwphhgunhuvmasacjq,9,18,25
oyndnlzksxwfakllhhzjofum,35,15,2
vweimvzdmiearzknlcliypdz,28,19,29
vwbouwoidlpgbubzaekchpgi,29,29,10
dqhtweenvqazdsloyqwzryaw,17,28,30
fsdgubcuohmkwvabrwiyctom,57,26,14
ievwveyxrfjsjpdvbpiprrkk,13,12,28
kpvhrhtwwqleovjaaxzbhxhf,31,21,20
yfggronmbeaicvnqesiclcab,46,20,14
rhbfjpzwxkraspfodutmmysx,26,11,18
vwbouwoidlpgbubzaekchpgi,29,11,5
gthhjulrywyjryfeewvafiyg,45,18,30
ifhmgpxxuxtueeajfbjkxlln,52,11,19
ifeyctsxmctxkvgcteytnhcq,30,17,26
faavtgufqyuqeejksrqwwhak,6,28,27
maxaojqkznizhmdumfnpjozw,24,28,3
ievwveyxrfjsjpdvbpiprrkk,13,18,2
aapdrcumbbdqhieivorqbcco,2,29,16
kitmwnuuxhbgfxytuztwhkcf,3,21,9
aapdrcumbbdqhieivorqbcco,2,28,24
zhqdlfgxjplauamcqshkgdwk,27,11,17
mulewvpnrrdlhvypwycmvdsb,15,26,21
zxhegtgmexqnlmrcolsqfonx,43,13,15
xrtpuptpgletjqkwxbrbhvpj,10,10,5
ifhmgpxxuxtueeajfbjkxlln,52,24,9
vwbouwoidlpgbubzaekchpgi,29,16,24
cwxoplbojtbaqhyxinupvkig,1,27,24
maxaojqkznizhmdumfnpjozw,24,10,13
lvwoyujmvdqlgmumhmcgtqhb,48,29,5
bhoqjoxnipluugdztlzydjqb,53,21,24
gyvrvmbkaqcvidmoaopwrgha,37,16,24
icspzysiasubdebbsmotdjed,38,10,22
nmkthlfbougsygljvwesltly,49,24,7
liwhhvyamcefuzdobgjduokj,23,26,11
uwbkdbzqmhpiarcvotafzsrf,20,18,26
kitmwnuuxhbgfxytuztwhkcf,3,29,6
yfggronmbeaicvnqesiclcab,46,23,13
jtkvcfqcyqdnwxfpiyogycle,47,15,25
faavtgufqyuqeejksrqwwhak,6,21,10
hajuaqxmpcbjndyyubrbucci,44,15,12
dqhtweenvqazdsloyqwzryaw,17,11,7
pewirfcihyxgosomurtjqhqk,32,28,7
emvjpwljxzaxmpdybcfdukys,21,20,21
szoklzgycndrwaqfcpzihrru,4,20,21
oyndnlzksxwfakllhhzjofum,35,27,1
svbufscspedntynmmsfoknes,36,10,18
ybgkqdgcwtxlcazctahdrgmz,12,15,4
kpvhrhtwwqleovjaaxzbhxhf,31,18,18
yzhmvygtoazehgwxtloujelk,7,29,6
ievwveyxrfjsjpdvbpiprrkk,13,22,6
mulewvpnrrdlhvypwycmvdsb,15,17,6
